title,rating,director,rank,quote
肖申克的救赎,9.7,导演: 弗兰克·德拉邦特 Frank Darabont,1,希望让人自由。
霸王别姬,9.6,导演: 陈凯歌 Kaige Chen,2,风华绝代。
泰坦尼克号,9.5,导演: 詹姆斯·卡梅隆 James Cameron,3,失去的才是永恒的。 
阿甘正传,9.5,导演: 罗伯特·泽米吉斯 Robert Zemeckis,4,一部美国近现代史。
千与千寻,9.4,导演: 宫崎骏 Hayao Miyazaki,5,最好的宫崎骏，最好的久石让。 
美丽人生,9.5,导演: 罗伯托·贝尼尼 Roberto Benigni,6,最美的谎言。
星际穿越,9.4,导演: 克里斯托弗·诺兰 Christopher Nolan,7,爱是一种力量，让我们超越时空感知它的存在。
这个杀手不太冷,9.4,导演: 吕克·贝松 Luc Besson,8,怪蜀黍和小萝莉不得不说的故事。
盗梦空间,9.4,导演: 克里斯托弗·诺兰 Christopher Nolan,9,诺兰给了我们一场无法盗取的梦。
楚门的世界,9.4,导演: 彼得·威尔 Peter Weir,10,如果再也不能见到你，祝你早安，午安，晚安。
辛德勒的名单,9.5,导演: 史蒂文·斯皮尔伯格 Steven Spielberg,11,拯救一个人，就是拯救整个世界。
忠犬八公的故事,9.4,导演: 莱塞·霍尔斯道姆 Lasse Hallström,12,永远都不能忘记你所爱的人。
海上钢琴师,9.3,导演: 朱塞佩·托纳多雷 Giuseppe Tornatore,13,每个人都要走一条自己坚定了的路，就算是粉身碎骨。 
疯狂动物城,9.3,导演: 拜伦·霍华德 Byron Howard / 瑞奇·摩尔 Rich Moore,14,迪士尼给我们营造的乌托邦就是这样，永远善良勇敢，永远出乎意料。
三傻大闹宝莱坞,9.2,导演: 拉库马·希拉尼 Rajkumar Hirani,15,英俊版憨豆，高情商版谢耳朵。
机器人总动员,9.3,导演: 安德鲁·斯坦顿 Andrew Stanton,16,小瓦力，大人生。
放牛班的春天,9.3,导演: 克里斯托夫·巴拉蒂 Christophe Barratier,17,天籁一般的童声，是最接近上帝的存在。 
无间道,9.3,导演: 刘伟强 / 麦兆辉,18,香港电影史上永不过时的杰作。
控方证人,9.6,导演: 比利·怀尔德 Billy Wilder,19,比利·怀德满分作品。
寻梦环游记,9.1,导演: 李·昂克里奇 Lee Unkrich / 阿德里安·莫利纳 Adrian Molina,20,死亡不是真的逝去，遗忘才是永恒的消亡。
大话西游之大圣娶亲,9.2,导演: 刘镇伟 Jeffrey Lau,21,一生所爱。
熔炉,9.3,导演: 黄东赫 Dong-hyuk Hwang,22,我们一路奋战不是为了改变世界，而是为了不让世界改变我们。
触不可及,9.3,导演: 奥利维·那卡什 Olivier Nakache / 艾力克·托兰达 Eric Toledano   主...,23,满满温情的高雅喜剧。
教父,9.3,导演: 弗朗西斯·福特·科波拉 Francis Ford Coppola,24,千万不要记恨你的对手，这样会让你失去理智。
末代皇帝,9.3,导演: 贝纳尔多·贝托鲁奇 Bernardo Bertolucci,25,“不要跟我比惨，我比你更惨”再适合这部电影不过了。
哈利·波特与魔法石,9.2,导演: Chris Columbus,26,童话世界的开端。
当幸福来敲门,9.1,导演: 加布里尔·穆奇诺 Gabriele Muccino,27,平民励志片。 
龙猫,9.2,导演: 宫崎骏 Hayao Miyazaki,28,人人心中都有个龙猫，童年就永远不会消失。
活着,9.3,导演: 张艺谋 Yimou Zhang,29,张艺谋最好的电影。
怦然心动,9.1,导演: 罗伯·莱纳 Rob Reiner,30,真正的幸福是来自内心深处。
蝙蝠侠：黑暗骑士,9.2,导演: 克里斯托弗·诺兰 Christopher Nolan,31,无尽的黑暗。
指环王3：王者无敌,9.3,导演: 彼得·杰克逊 Peter Jackson,32,史诗的终章。
我不是药神,9.0,导演: 文牧野 Muye Wen,33,对我们国家而言，这样的电影多一部是一部。
乱世佳人,9.3,导演: 维克多·弗莱明 Victor Fleming / 乔治·库克 George Cukor,34,Tomorrow is another day.
飞屋环游记,9.1,导演: 彼特·道格特 Pete Docter / 鲍勃·彼德森 Bob Peterson,35,最后那些最无聊的事情，才是最值得怀念的。 
让子弹飞,9.0,导演: 姜文 Wen Jiang,36,你给我翻译翻译，神马叫做TMD的惊喜。
哈尔的移动城堡,9.1,导演: 宫崎骏 Hayao Miyazaki,37,带着心爱的人在天空飞翔。
十二怒汉,9.4,导演: 西德尼·吕美特 Sidney Lumet,38,1957年的理想主义。 
海蒂和爷爷,9.3,导演: 阿兰·葛斯彭纳 Alain Gsponer,39,如果生活中有什么使你感到快乐，那就去做吧！不要管别人说什么。
素媛,9.3,导演: 李濬益 Jun-ik Lee,40,受过伤害的人总是笑得最开心，因为他们不愿意让身边的人承受一样的痛苦。
猫鼠游戏,9.1,导演: 史蒂文·斯皮尔伯格 Steven Spielberg,41,骗子大师和执著警探的你追我跑故事。 
天空之城,9.2,导演: 宫崎骏 Hayao Miyazaki,42,对天空的追逐，永不停止。 
鬼子来了,9.3,导演: 姜文 Wen Jiang,43,对敌人的仁慈，就是对自己残忍。
摔跤吧！爸爸,9.0,导演: 涅提·蒂瓦里 Nitesh Tiwari,44,你不是在为你一个人战斗，你要让千千万万的女性看到女生并不是只能相夫教子。
少年派的奇幻漂流,9.1,导演: 李安 Ang Lee,45,瑰丽壮观、无人能及的冒险之旅。
钢琴家,9.3,导演: 罗曼·波兰斯基 Roman Polanski,46,
指环王2：双塔奇兵,9.2,导演: 彼得·杰克逊 Peter Jackson,47,承前启后的史诗篇章。
死亡诗社,9.2,导演: 彼得·威尔 Peter Weir,48,当一个死水般的体制内出现一个活跃的变数时，所有的腐臭都站在了光明的对面。
大话西游之月光宝盒,9.0,导演: 刘镇伟 Jeffrey Lau,49,
绿皮书,8.9,导演: 彼得·法雷里 Peter Farrelly,50,去除成见，需要勇气。
何以为家,9.1,导演: 娜丁·拉巴基 Nadine Labaki,51,凝视卑弱生命，用电影改变命运。
闻香识女人,9.1,导演: 马丁·布莱斯 Martin Brest,52,
大闹天宫,9.4,导演: 万籁鸣 Laiming Wan,53,
黑客帝国,9.1,导演: 安迪·沃卓斯基 Andy Wachowski / 拉娜·沃卓斯基 Lana Wachowski   主...,54,
指环王1：护戒使者,9.1,导演: 彼得·杰克逊 Peter Jackson,55,
罗马假日,9.1,导演: 威廉·惠勒 William Wyler,56,
教父2,9.3,导演: 弗朗西斯·福特·科波拉 Francis Ford Coppola,57,
狮子王,9.1,导演: Roger Allers / 罗伯·明可夫 Rob Minkoff,58,
天堂电影院,9.2,导演: 朱塞佩·托纳多雷 Giuseppe Tornatore,59,
饮食男女,9.2,导演: 李安 Ang Lee,60,
辩护人,9.2,导演: 杨宇硕 Woo-seok Yang,61,电影的现实意义大过电影本身。
本杰明·巴顿奇事,9.0,导演: 大卫·芬奇 David Fincher,62,在时间之河里感受溺水之苦。
搏击俱乐部,9.0,导演: 大卫·芬奇 David Fincher,63,
美丽心灵,9.1,导演: 朗·霍华德 Ron Howard,64,
穿条纹睡衣的男孩,9.2,导演: 马克·赫尔曼 Mark Herman,65,尽管有些不切实际的幻想，这部电影依旧是一部感人肺腑的佳作。
哈利·波特与死亡圣器(下),9.0,导演: 大卫·叶茨 David Yates,66,10年的完美句点。
情书,8.9,导演: 岩井俊二 Shunji Iwai,67,
两杆大烟枪,9.1,导演: 盖·里奇 Guy Ritchie,68,
窃听风暴,9.2,导演: 弗洛里安·亨克尔·冯·多纳斯马尔克 Florian Henckel von Donnersmarck  &n...,69,别样人生。
音乐之声,9.1,导演: 罗伯特·怀斯 Robert Wise,70,
功夫,8.9,导演: 周星驰 Stephen Chow,71,警恶惩奸，维护世界和平这个任务就交给你了，好吗？
哈利·波特与阿兹卡班的囚徒,9.0,导演: 阿方索·卡隆 Alfonso Cuarón,72,不一样的导演，不一样的哈利·波特。
阿凡达,8.8,导演: 詹姆斯·卡梅隆 James Cameron,73,绝对意义上的美轮美奂。
西西里的美丽传说,8.9,导演: 朱塞佩·托纳多雷 Giuseppe Tornatore,74,
看不见的客人,8.8,导演: 奥里奥尔·保罗 Oriol Paulo,75,你以为你以为的就是你以为的。
拯救大兵瑞恩,9.1,导演: 史蒂文·斯皮尔伯格 Steven Spielberg,76,
沉默的羔羊,8.9,导演: 乔纳森·戴米 Jonathan Demme,77,
小鞋子,9.2,导演: 马基德·马基迪 Majid Majidi,78,
布达佩斯大饭店,8.9,导演: 韦斯·安德森 Wes Anderson,79,小清新的故事里注入了大历史的情怀。
蝴蝶效应,8.9,导演: 埃里克·布雷斯 Eric Bress / J·麦基·格鲁伯 J. Mackye Gruber   主...,80,人的命运被自己瞬间的抉择改变。
飞越疯人院,9.1,导演: 米洛斯·福尔曼 Miloš Forman,81,
还有明天,9.3,导演: 宝拉·柯特莱西 Paola Cortellesi,82,
禁闭岛,8.9,导演: Martin Scorsese,83,昔日翩翩少年，今日大腹便便。
心灵捕手,9.0,导演: 格斯·范·桑特 Gus Van Sant,84,
致命魔术,8.9,导演: 克里斯托弗·诺兰 Christopher Nolan,85,孪生蝙蝠侠大战克隆金刚狼。
低俗小说,8.9,导演: 昆汀·塔伦蒂诺 Quentin Tarantino,86,
哈利·波特与密室,8.9,导演: Chris Columbus,87,
超脱,9.0,导演: 托尼·凯耶 Tony Kaye,88,穷尽一生，我们要学会的，不过是彼此拥抱。
一一,9.1,导演: 杨德昌 Edward Yang,89,
喜剧之王,8.8,导演: 周星驰 Stephen Chow / 李力持 Lik-Chi Lee,90,
杀人回忆,8.9,导演: 奉俊昊 Joon-ho Bong,91,
致命ID,8.9,导演: 詹姆斯·曼高德 James Mangold,92,
摩登时代,9.3,导演: 查理·卓别林 Charles Chaplin,93,
春光乍泄,9.0,导演: 王家卫 Kar Wai Wong,94,
加勒比海盗,8.8,导演: 戈尔·维宾斯基 Gore Verbinski,95,
海豚湾,9.3,导演: 路易·西霍尤斯 Louie Psihoyos,96,海豚的微笑，是世界上最高明的伪装。
美国往事,9.1,导演: 赛尔乔·莱翁内 Sergio Leone,97,
红辣椒,9.0,导演: 今敏 Satoshi Kon,98,梦的勾结。
七宗罪,8.8,导演: 大卫·芬奇 David Fincher,99,
唐伯虎点秋香,8.8,导演: 李力持 Lik-Chi Lee,100,
狩猎,9.1,导演: 托马斯·温特伯格 Thomas Vinterberg,101,人言可畏。
幽灵公主,8.9,导演: 宫崎骏 Hayao Miyazaki,102,
甜蜜蜜,8.9,导演: 陈可辛 Peter Chan,103,
寄生虫,8.8,导演: 奉俊昊 Joon-ho Bong,104,
天书奇谭,9.2,导演: 王树忱 Shuchen Wang / 钱运达 Yunda Qian,105,
蝙蝠侠：黑暗骑士崛起,8.9,导演: 克里斯托弗·诺兰 Christopher Nolan,106,诺兰就是保证。
超能陆战队,8.8,导演: 唐·霍尔 Don Hall / 克里斯·威廉姆斯 Chris Williams,107,Balalala~~~
7号房的礼物,8.9,导演: 李焕庆 Hwan-kyeong Lee,108,《我是山姆》的《美丽人生》。
第六感,8.9,导演: M·奈特·沙马兰 M. Night Shyamalan,109,
茶馆,9.5,导演: 谢添 Tian Xie,110,
爱在黎明破晓前,8.8,导演: 理查德·林克莱特 Richard Linklater,111,
爱在日落黄昏时,8.9,导演: 理查德·林克莱特 Richard Linklater,112,九年后的重逢是世俗和责任的交叠，没了悸动和青涩，沧桑而温暖。
被嫌弃的松子的一生,8.8,导演: 中岛哲也 Tetsuya Nakashima,113,以戏谑来戏谑戏谑。
头脑特工队,8.8,导演: 彼特·道格特 Pete Docter / 罗纳尔多·德尔·卡门 Ronaldo Del Carmen  &nb...,114,愿我们都不用长大，每一座城堡都能永远存在。
哈利·波特与火焰杯,8.8,导演: 迈克·内威尔 Mike Newell,115,
未麻的部屋,9.1,导演: 今敏 Satoshi Kon,116,
重庆森林,8.8,导演: 王家卫 Kar Wai Wong,117,
借东西的小人阿莉埃蒂,8.9,导演: 米林宏昌 Hiromasa Yonebayashi,118,曾经的那段美好会沉淀为一辈子的记忆。
菊次郎的夏天,8.9,导演: 北野武 Takeshi Kitano,119,
入殓师,8.9,导演: 泷田洋二郎 Yôjirô Takita,120,死可能是一道门，逝去并不是终结，而是超越，走向下一程。
断背山,8.8,导演: 李安 Ang Lee,121,每个人心中都有一座断背山。
剪刀手爱德华,8.7,导演: 蒂姆·波顿 Tim Burton,122,
勇敢的心,8.9,导演: 梅尔·吉布森 Mel Gibson,123,
时空恋旅人,8.8,导演: 理查德·柯蒂斯 Richard Curtis,124,把每天当作最后一天般珍惜度过，积极拥抱生活，就是幸福。
驯龙高手,8.8,导演: 迪恩·德布洛斯 Dean DeBlois / 克里斯·桑德斯 Chris Sanders,125,和谐的生活离不开摸头与被摸头。
消失的爱人,8.7,导演: 大卫·芬奇 David Fincher,126,年度最佳date movie。
无人知晓,9.1,导演: 是枝裕和 Hirokazu Koreeda,127,我的平常生活就是他人的幸福。
倩女幽魂,8.8,导演: 程小东 Siu-Tung Ching,128,
傲慢与偏见,8.7,导演: 乔·怀特 Joe Wright,129,爱是摈弃傲慢与偏见之后的曙光。
新世界,8.9,导演: 朴勋政 Hoon-jung Park,130,要做就做得狠一点，这样才能活下去。
花样年华,8.8,导演: 王家卫 Kar Wai Wong,131,
玩具总动员3,8.9,导演: 李·昂克里奇 Lee Unkrich,132,跨度十五年的欢乐与泪水。
一个叫欧维的男人决定去死,8.9,导演: 汉内斯·赫尔姆 Hannes Holm,133,惠及一生的美丽。
完美的世界,9.1,导演: 克林特·伊斯特伍德 Clint Eastwood,134,
色，戒,8.7,导演: 李安 Ang Lee,135,假戏真情，爱欲深海
阳光灿烂的日子,8.8,导演: 姜文 Wen Jiang,136,
怪兽电力公司,8.8,导演: 彼特·道格特 Pete Docter / 大卫·斯沃曼 David Silverman,137,
小森林 夏秋篇,9.0,导演: 森淳一 Junichi Mori,138,那些静得只能听见呼吸的日子里，你明白孤独即生活。
教父3,9.0,导演: 弗朗西斯·福特·科波拉 Francis Ford Coppola,139,
天使爱美丽,8.7,导演: 让-皮埃尔·热内 Jean-Pierre Jeunet,140,
侧耳倾听,8.9,导演: 近藤喜文 Yoshifumi Kondo,141,
哪吒闹海,9.2,导演: 王树忱 Shuchen Wang / 严定宪 Dingxian Yan,142,
九品芝麻官,8.8,导演: 王晶 Jing Wong,143,
被解救的姜戈,8.8,导演: 昆汀·塔伦蒂诺 Quentin Tarantino,144,热血沸腾，那个低俗、性感的无耻混蛋又来了。
请以你的名字呼唤我,8.8,导演: 卢卡·瓜达尼诺 Luca Guadagnino,145,沉醉在电影的情感和视听氛围中无法自拔。
幸福终点站,8.8,导演: 史蒂文·斯皮尔伯格 Steven Spielberg,146,有时候幸福需要等一等。 
釜山行,8.6,导演: 延尚昊 Sang-ho Yeon,147,揭露人性的丧尸题材力作。
神偷奶爸,8.7,导演: 皮艾尔·柯芬 Pierre Coffin / 克里斯·雷纳德 Chris Renaud,148,Mr. I Don't Care其实也有Care的时候。
小森林 冬春篇,9.0,导演: 森淳一 Junichi Mori,149,尊敬他人，尊敬你生活的这片土地，明白孤独是人生的常态。
喜宴,9.0,导演: 李安 Ang Lee,150,
萤火之森,8.8,导演: 大森贵弘 Takahiro Omori,151,触不到的恋人。
告白,8.8,导演: 中岛哲也 Tetsuya Nakashima,152,没有一人完全善，也没有一人完全恶。
玛丽和麦克斯,9.0,导演: 亚当·艾略特 Adam Elliot,153,你是我最好的朋友，你是我唯一的朋友 。
七武士,9.3,导演: 黑泽明 Akira Kurosawa,154,
头号玩家,8.6,导演: 史蒂文·斯皮尔伯格 Steven Spielberg,155,写给影迷，动漫迷和游戏迷的一封情书。
模仿游戏,8.8,导演: 莫滕·泰杜姆 Morten Tyldum,156,他给机器起名“克里斯托弗”，因为这是他初恋的名字。
惊魂记,9.0,导演: 阿尔弗雷德·希区柯克 Alfred Hitchcock,157,
大鱼,8.8,导演: 蒂姆·波顿 Tim Burton,158,
心灵奇旅,8.7,导演: 彼特·道格特 Pete Docter / 凯普·鲍尔斯 Kemp Powers,159,
机器人之梦,9.1,导演: 巴勃罗·贝格尔 Pablo Berger,160,
背靠背，脸对脸,9.5,导演: 黄建新 Jianxin Huang / 杨亚洲 Yazhou Yang,161,
射雕英雄传之东成西就,8.7,导演: 刘镇伟 Jeffrey Lau,162,
血战钢锯岭,8.7,导演: 梅尔·吉布森 Mel Gibson,163,优秀的战争片不会美化战场，不会粉饰死亡，不会矮化敌人，不会无视常识，最重要的，不会宣扬战争。
你的名字。,8.5,导演: 新海诚 Makoto Shinkai,164,穿越错位的时空，仰望陨落的星辰，你没留下你的名字，我却无法忘记那句“我爱你”。
我是山姆,9.0,导演: 杰茜·尼尔森 Jessie Nelson,165,
阳光姐妹淘,8.8,导演: 姜炯哲 Hyeong-Cheol Kang,166,再多各自牛逼的时光，也比不上一起傻逼的岁月。 
恐怖直播,8.7,导演: 金秉祐 Byeong-woo Kim,167,恐怖分子的“秋菊打官司”。
黑客帝国3：矩阵革命,8.8,导演: 拉娜·沃卓斯基 Lana Wachowski / 莉莉·沃卓斯基 Lilly Wachowski   ...,168,
末路狂花,9.0,导演: 雷德利·斯科特 Ridley Scott,169,
小丑,8.7,导演: 托德·菲利普斯 Todd Phillips,170,
高山下的花环,9.5,导演: 谢晋 Jin Xie,171,
谍影重重3,8.9,导演: 保罗·格林格拉斯 Paul Greengrass,172,像吃了苏打饼一样干脆的电影。
三块广告牌,8.7,导演: 马丁·麦克唐纳 Martin McDonagh,173,怼天怼地，你走后，她与世界为敌。
电锯惊魂,8.7,导演: 詹姆斯·温 James Wan,174,真相就在眼前。
无间道2,8.8,导演: 刘伟强 Andrew Lau / 麦兆辉 Alan Mak,175,
达拉斯买家俱乐部,8.8,导演: 让-马克·瓦雷 Jean-Marc Vallée,176,Jared Leto的腿比女人还美！
疯狂原始人,8.7,导演: 科克·德·米科 Kirk De Micco / 克里斯·桑德斯 Chris Sanders,177,老少皆宜，这就是好莱坞动画的魅力。
绿里奇迹,8.9,导演: 弗兰克·德拉邦特 Frank Darabont,178,
爱在午夜降临前,8.9,导演: 理查德·林克莱特 Richard Linklater,179,所谓爱情，就是话唠一路，都不会心生腻烦，彼此嫌弃。
疯狂的石头,8.6,导演: 宁浩 Hao Ning,180,中国版《两杆大烟枪》。
雨中曲,9.1,导演: 斯坦利·多南 Stanley Donen / 吉恩·凯利 Gene Kelly,181,
2001太空漫游,8.9,导演: 斯坦利·库布里克 Stanley Kubrick,182,
海街日记,8.8,导演: 是枝裕和 Hirokazu Koreeda,183,是枝裕和的家庭习作。
风之谷,8.9,导演: 宫崎骏 Hayao Miyazaki,184,
上帝之城,9.0,导演: 费尔南多·梅里尔斯 Fernando Meirelles / 卡迪亚·兰德 Kátia Lund   ...,185,
心迷宫,8.7,导演: 忻钰坤 Yukun Xin,186,荒诞讽刺，千奇百巧，抽丝剥茧，百转千回。
英雄本色,8.6,导演: 吴宇森 John Woo,187,
记忆碎片,8.7,导演: 克里斯托弗·诺兰 Christopher Nolan,188,
纵横四海,8.8,导演: 吴宇森 John Woo,189,
无敌破坏王,8.7,导演: 瑞奇·莫尔 Rich Moore,190,迪士尼和皮克斯拿错剧本的产物。
卢旺达饭店,8.9,导演: 特瑞·乔治 Terry George,191,当这个世界闭上双眼，他却敞开了怀抱。
恐怖游轮,8.5,导演: 克里斯托弗·史密斯 Christopher Smith,192,不要企图在重复中寻找已经失去的爱。
牯岭街少年杀人事件,8.9,导演: 杨德昌 Edward Yang,193,
东京教父,9.0,导演: 今敏 Satoshi Kon,194,
小偷家族,8.7,导演: 是枝裕和 Hirokazu Koreeda,195,我们组成了家。
魔女宅急便,8.7,导演: 宫崎骏 Hayao Miyazaki,196,
冰川时代,8.7,导演: 卡洛斯·沙尔丹哈 Carlos Saldanha / 克里斯·韦奇 Chris Wedge,197,
芙蓉镇,9.3,导演: 谢晋 Jin Xie,198,
忠犬八公物语,9.2,导演: 神山征二郎 Seijirô Kôyama,199,
岁月神偷,8.7,导演: 罗启锐 Alex Law,200,岁月流逝，来日可追。
遗愿清单,8.7,导演: 罗伯·莱纳 Rob Reiner,201,用剩余不多的时间，去燃烧整个生命。
荒蛮故事,8.7,导演: 达米安·斯兹弗隆 Damián Szifron,202,始于荒诞，止于更荒诞。
大佛普拉斯,8.7,导演: 黄信尧 Hsin-yao Huang,203,人们可以登上月球，却永远无法探索人们内心的宇宙。
源代码,8.6,导演: 邓肯·琼斯 Duncan Jones,204,邓肯·琼斯继《月球》之后再度奉献出一部精彩绝伦的科幻佳作。
花束般的恋爱,8.6,导演: 土井裕泰 Nobuhiro Doi,205,
白日梦想家,8.6,导演: 本·斯蒂勒 Ben Stiller,206,
爱乐之城,8.4,导演: 达米恩·查泽雷 Damien Chazelle,207,
疯狂的麦克斯4：狂暴之路,8.7,导演: 乔治·米勒 George Miller,208,“多么美好的一天！”轰轰轰砰咚，啪哒哒哒轰隆隆，磅~
可可西里,8.9,导演: 陆川 Chuan Lu,209,坚硬的信仰。
你看起来好像很好吃,8.9,导演: 藤森雅也 Masaya Fujimori,210,感情不分食草或者食肉。
贫民窟的百万富翁,8.6,导演: 丹尼·鲍尔 Danny Boyle / 洛芙琳·坦丹 Loveleen Tandan,211,上帝之城+猜火车+阿甘正传+开心辞典=山寨富翁
波西米亚狂想曲,8.6,导演: 布莱恩·辛格 Bryan Singer,212,
城市之光,9.3,导演: 查理·卓别林 Charles Chaplin,213,
爆裂鼓手,8.6,导演: 达米恩·查泽雷 Damien Chazelle,214,这个世界从不善待努力的人，努力了也不一定会成功，但是知道自己在努力，就是活下去的动力。
青蛇,8.6,导演: 徐克 Hark Tsui,215,
东邪西毒,8.6,导演: 王家卫 Kar Wai Wong,216,
哈利·波特与死亡圣器(上),8.6,导演: 大卫·叶茨 David Yates,217,最忠于原著的一部。
无耻混蛋,8.7,导演: 昆汀·塔伦蒂诺 Quentin Tarantino,218,昆汀同学越来越变态了，比北野武还杜琪峰。
终结者2：审判日,8.8,导演: 詹姆斯·卡梅隆 James Cameron,219,
大红灯笼高高挂,8.8,导演: 张艺谋 Yimou Zhang,220,
黑天鹅,8.6,导演: 达伦·阿罗诺夫斯基 Darren Aronofsky,221,黑暗之美。
新龙门客栈,8.7,导演: 李惠民 Raymond Lee,222,
初恋这件小事,8.5,导演: 普特鹏·普罗萨卡·那·萨克那卡林 Puttipong Promsaka Na Sakolnakorn / 华森·波克彭...,223,黑小鸭速效美白记。
千钧一发,8.8,导演: 安德鲁·尼科尔 Andrew Niccol,224,
人工智能,8.7,导演: 史蒂文·斯皮尔伯格 Steven Spielberg,225,
崖上的波妞,8.6,导演: 宫崎骏 Hayao Miyazaki,226,
雨人,8.7,导演: 巴瑞·莱文森 Barry Levinson,227,
虎口脱险,8.9,导演: 杰拉尔·乌里 Gérard Oury,228,
哈利·波特与凤凰社,8.6,导演: 大卫·叶茨 David Yates,229,
彗星来的那一夜,8.6,导演: 詹姆斯·沃德·布柯特 James Ward Byrkit,230,小成本大魅力。
罗生门,8.8,导演: 黑泽明 Akira Kurosawa,231,
海边的曼彻斯特,8.6,导演: 肯尼斯·罗纳根 Kenneth Lonergan,232,我们都有权利不与自己的过去和解。
恋恋笔记本,8.5,导演: 尼克·卡索维茨 Nick Cassavetes,233,爱情没有那么多借口，如果不能圆满，只能说明爱的不够。 
火星救援,8.5,导演: 雷德利·斯科特 Ridley Scott,234,
真爱至上,8.5,导演: 理查德·柯蒂斯 Richard Curtis,235,
黑客帝国2：重装上阵,8.7,导演: 拉娜·沃卓斯基 Lana Wachowski / 莉莉·沃卓斯基 Lilly Wachowski   ...,236,
冰雪奇缘,8.5,导演: 克里斯·巴克 Chris Buck / 珍妮弗·李 Jennifer Lee,237,
步履不停,8.8,导演: 是枝裕和 Hirokazu Koreeda,238,日本的家庭电影已经是世界巅峰了，步履不停是巅峰中的佳作。
奇迹男孩,8.6,导演: 斯蒂芬·卓博斯基 Stephen Chbosky,239,世界不完美，爱会有奇迹。
千年女优,8.8,导演: 今敏 Satoshi Kon,240,
战争之王,8.7,导演: 安德鲁·尼科尔 Andrew Niccol,241,做一颗让别人需要你的棋子。
谍影重重2,8.7,导演: 保罗·格林格拉斯 Paul Greengrass,242,谁说王家卫镜头很晃？
蜘蛛侠：平行宇宙,8.6,导演: 鲍勃·佩尔西凯蒂 Bob Persichetti / 彼得·拉姆齐 Peter Ramsey   主...,243,
攻壳机动队,9.0,导演: 押井守 Mamoru Oshii,244,
血钻,8.7,导演: 爱德华·兹威克 Edward Zwick,245,每个美丽事物背后都是滴血的现实。
小姐,8.5,导演: 朴赞郁 Chan-wook Park,246,
隐藏人物,8.9,导演: 特奥多尔·梅尔菲 Theodore Melfi,247,
血观音,8.6,导演: 杨雅喆 Ya-che Yang,248,
魂断蓝桥,8.8,导演: 茂文·勒鲁瓦 Mervyn LeRoy,249,
房间,8.7,导演: 伦尼·阿伯拉罕森 Lenny Abrahamson,250,被偷走的岁月，被伤害的生命，被禁锢的灵魂，终将被希望和善意救赎。
